DrawDate,Ball 1,Ball 2,Ball 3,Ball 4,Ball 5,Lucky Star 1,Lucky Star 2,DrawNumber
2016-09-27,6,9,13,39,41,2,12,2016078
2016-09-30,17,35,37,43,44,2,10,2016079
2016-10-04,4,7,14,34,38,4,11,2016080
2016-10-07,2,12,20,27,30,9,11,2016081
2016-10-11,5,12,20,24,37,4,11,2016082
2016-10-14,7,13,19,31,34,1,11,2016083
2016-10-18,2,17,21,25,27,6,9,2016084
2016-10-21,9,20,23,44,48,8,10,2016085
2016-10-25,3,15,20,21,28,1,5,2016086
2016-10-28,10,16,19,23,43,2,8,2016087
2016-11-01,6,10,20,29,37,1,9,2016088
2016-11-04,7,11,12,44,48,3,7,2016089
2016-11-08,5,9,47,49,50,8,9,2016090
2016-11-11,3,22,23,38,49,2,9,2016091
2016-11-15,7,15,36,42,48,3,7,2016092
2016-11-18,3,12,27,32,47,6,8,2016093
2016-11-22,5,10,33,34,47,2,10,2016094
2016-11-25,5,11,17,23,28,10,11,2016095
2016-11-29,21,26,27,28,38,9,11,2016096
2016-12-02,6,11,23,31,32,2,12,2016097
2016-12-06,1,7,11,27,45,4,9,2016098
2016-12-09,6,12,28,37,40,1,5,2016099
2016-12-13,14,28,29,48,50,2,8,2016100
2016-12-16,6,10,30,41,45,4,11,2016101
2016-12-20,13,15,17,21,27,2,3,2016102
2016-12-23,4,16,20,39,46,2,5,2016103
2016-12-27,3,22,25,32,39,7,12,2016104
2016-12-30,8,10,22,29,47,1,3,2016105
2017-01-03,19,23,27,34,49,1,11,2017001
2017-01-06,10,14,18,21,49,9,11,2017002
2017-01-10,2,11,29,35,44,4,9,2017003
2017-01-13,3,7,16,26,50,4,7,2017004
2017-01-17,4,16,25,43,47,2,10,2017005
2017-01-20,10,17,27,31,49,3,5,2017006
2017-01-24,1,5,7,17,23,3,8,2017007
2017-01-27,17,20,28,45,48,5,9,2017008
2017-01-31,3,4,17,23,44,6,9,2017009
2017-02-03,3,4,15,46,50,5,9,2017010
2017-02-07,4,10,31,38,44,8,10,2017011
2017-02-10,7,21,26,35,43,2,9,2017012
2017-02-14,2,10,24,40,44,3,10,2017013
2017-02-17,19,25,33,36,48,2,9,2017014
2017-02-21,13,19,41,45,49,3,4,2017015
2017-02-24,2,4,13,22,43,8,9,2017016
2017-02-28,10,20,31,35,42,2,12,2017017
2017-03-03,2,11,29,30,47,1,12,2017018
2017-03-07,6,37,41,48,50,4,5,2017019
2017-03-10,31,36,38,47,49,8,11,2017020
2017-03-14,3,5,21,36,44,3,6,2017021
2017-03-17,6,10,19,29,36,3,9,2017022
2017-03-21,1,20,23,44,47,4,11,2017023
2017-03-24,2,17,21,27,34,5,9,2017024
2017-03-28,9,13,31,33,46,6,10,2017025
2017-03-31,17,24,26,28,45,4,12,2017026
2017-04-04,1,9,24,33,34,2,6,2017027
2017-04-07,2,10,19,35,50,6,7,2017028
2017-04-11,5,21,22,31,49,2,8,2017029
2017-04-14,4,14,20,23,33,6,10,2017030
2017-04-18,17,22,31,38,45,5,12,2017031
2017-04-21,2,13,16,22,49,4,5,2017032
2017-04-25,9,11,19,32,43,3,9,2017033
2017-04-28,14,20,25,30,39,2,8,2017034
2017-05-02,6,19,23,25,27,11,12,2017035
2017-05-05,3,7,30,35,43,1,3,2017036
2017-05-09,8,12,16,22,26,6,7,2017037
2017-05-12,2,20,28,29,44,3,9,2017038
2017-05-16,8,11,15,20,30,3,8,2017039
2017-05-19,9,11,12,19,30,4,9,2017040
2017-05-23,8,15,25,27,42,1,4,2017041
2017-05-26,5,7,26,36,39,2,10,2017042
2017-05-30,7,12,27,38,48,6,9,2017043
2017-06-02,8,10,24,33,42,3,9,2017044
2017-06-06,20,22,25,37,40,3,7,2017045
2017-06-09,9,20,27,39,43,10,11,2017046
2017-06-13,3,12,22,27,49,4,11,2017047
2017-06-16,15,17,38,41,42,9,12,2017048
2017-06-20,11,18,26,43,44,8,10,2017049
2017-06-23,3,4,21,31,38,3,7,2017050
2017-06-27,9,17,21,28,45,1,3,2017051
2017-06-30,17,35,39,47,50,6,8,2017052
2017-07-04,10,22,25,37,49,5,8,2017053
2017-07-07,11,20,35,37,45,3,6,2017054
2017-07-11,14,22,26,42,50,8,10,2017055
2017-07-14,11,14,20,21,47,7,10,2017056
2017-07-18,1,25,27,41,45,5,7,2017057
2017-07-21,1,8,9,26,49,5,9,2017058
2017-07-25,12,14,43,44,48,2,11,2017059
2017-07-28,5,9,29,31,41,2,4,2017060
2017-08-01,14,21,24,29,30,8,10,2017061
2017-08-04,29,30,36,40,41,2,9,2017062
2017-08-08,15,25,26,40,41,4,5,2017063
2017-08-11,18,28,39,46,48,5,12,2017064
2017-08-15,10,14,30,35,46,4,10,2017065
2017-08-18,2,24,39,42,45,2,8,2017066
2017-08-22,3,10,12,17,27,3,5,2017067
2017-08-25,1,5,7,15,47,9,12,2017068
2017-08-29,4,12,15,32,38,1,5,2017069
2017-09-01,3,7,8,14,49,5,8,2017070
2017-09-05,6,9,18,28,29,1,9,2017071
2017-09-08,9,24,42,47,49,1,5,2017072
2017-09-12,10,17,27,29,35,4,11,2017073
2017-09-15,13,18,37,44,49,9,12,2017074
2017-09-19,1,8,21,30,45,2,3,2017075
2017-09-22,6,11,31,39,42,1,3,2017076
2017-09-26,1,29,40,41,48,6,12,2017077
2017-09-29,7,18,19,32,48,3,7,2017078
2017-10-03,6,24,32,48,50,1,5,2017079
2017-10-06,1,9,15,19,25,1,7,2017080
2017-10-10,4,21,34,36,37,3,6,2017081
2017-10-13,23,29,37,45,50,5,11,2017082
2017-10-17,13,17,19,26,36,2,3,2017083
2017-10-20,4,17,23,27,30,3,8,2017084
2017-10-24,9,11,13,27,33,7,10,2017085
2017-10-27,3,16,23,32,39,1,4,2017086
2017-10-31,1,12,36,43,46,3,5,2017087
2017-11-03,5,12,17,33,41,4,9,2017088
2017-11-07,7,19,20,37,41,2,12,2017089
2017-11-10,13,22,29,36,37,1,9,2017090
2017-11-14,14,16,39,40,41,8,10,2017091
2017-11-17,20,26,35,36,42,5,12,2017092
2017-11-21,2,10,14,28,31,5,7,2017093
2017-11-24,19,24,28,30,50,3,10,2017094
2017-11-28,1,6,12,18,42,2,7,2017095
2017-12-01,5,24,29,35,46,11,12,2017096
2017-12-05,11,36,43,44,48,2,7,2017097
2017-12-08,4,22,30,32,34,3,4,2017098
2017-12-12,20,37,39,44,50,4,8,2017099
2017-12-15,25,30,31,42,50,2,11,2017100
2017-12-19,8,15,30,38,46,4,7,2017101
2017-12-22,5,24,30,31,43,3,6,2017102
2017-12-26,4,17,30,43,44,2,10,2017103
2017-12-29,4,8,22,23,48,1,12,2017104
2018-01-02,10,20,21,28,48,1,8,2018001
2018-01-05,2,5,20,38,41,4,8,2018002
2018-01-09,6,12,15,38,49,2,9,2018003
2018-01-12,13,21,23,30,45,4,6,2018004
2018-01-16,20,23,31,34,46,3,12,2018005
2018-01-19,3,8,17,44,50,2,7,2018006
2018-01-23,5,8,9,23,24,7,8,2018007
2018-01-26,6,15,24,28,48,4,9,2018008
2018-01-30,11,15,21,27,35,4,5,2018009
2018-02-02,14,34,36,39,48,2,3,2018010
2018-02-06,8,17,28,34,38,6,12,2018011
2018-02-09,22,31,36,38,44,1,11,2018012
2018-02-13,10,13,17,21,44,1,10,2018013
2018-02-16,10,12,23,32,50,4,10,2018014
2018-02-20,6,14,19,25,29,5,11,2018015
2018-02-23,10,17,18,28,47,3,7,2018016
2018-02-27,3,31,41,48,50,8,11,2018017
2018-03-02,2,7,34,45,48,1,12,2018018
2018-03-06,15,20,26,31,44,2,9,2018019
2018-03-09,9,14,21,32,44,1,12,2018020
2018-03-13,9,11,13,33,49,6,12,2018021
2018-03-16,4,17,24,27,31,10,11,2018022
2018-03-20,26,29,37,39,44,9,11,2018023
2018-03-23,5,7,11,46,50,8,11,2018024
2018-03-27,17,20,23,40,46,9,10,2018025
2018-03-30,12,17,28,35,47,7,11,2018026
2018-04-03,3,8,16,40,43,5,8,2018027
2018-04-06,1,29,33,45,47,4,8,2018028
2018-04-10,14,27,39,46,48,11,12,2018029
2018-04-13,5,25,34,48,50,6,7,2018030
2018-04-17,15,27,33,39,50,4,6,2018031
2018-04-20,3,16,25,39,44,7,11,2018032
2018-04-24,20,23,28,30,44,3,7,2018033
2018-04-27,12,24,40,41,46,5,12,2018034
2018-05-01,6,15,17,42,48,4,6,2018035
2018-05-04,6,12,23,39,45,9,12,2018036
2018-05-08,17,25,35,39,44,2,5,2018037
2018-05-11,3,22,34,49,50,8,11,2018038
2018-05-15,4,16,20,31,39,2,12,2018039
2018-05-18,5,8,10,13,31,3,6,2018040
2018-05-22,1,11,37,41,48,8,12,2018041
2018-05-25,13,15,16,28,41,4,5,2018042
2018-05-29,6,11,20,38,43,2,4,2018043
2018-06-01,17,18,24,29,40,4,5,2018044
2018-06-05,9,15,22,39,46,4,5,2018045
2018-06-08,8,19,32,43,46,2,8,2018046
2018-06-12,7,21,23,36,38,6,8,2018047
2018-06-15,23,26,33,38,49,1,12,2018048
2018-06-19,7,19,26,42,50,4,9,2018049
2018-06-22,14,25,39,41,44,2,8,2018050
2018-06-26,15,16,20,34,50,4,7,2018051
2018-06-29,15,21,23,40,48,3,12,2018052
2018-07-03,1,12,15,29,48,3,5,2018053
2018-07-06,8,30,33,38,48,2,10,2018054
2018-07-10,3,8,26,33,45,7,10,2018055
2018-07-13,1,4,14,21,49,2,12,2018056
2018-07-17,4,6,27,48,50,1,11,2018057
2018-07-20,2,15,40,43,46,3,6,2018058
2018-07-24,2,4,23,39,40,3,9,2018059
2018-07-27,11,17,22,23,41,6,11,2018060
2018-07-31,20,25,34,42,45,6,11,2018061
2018-08-03,7,26,36,38,43,6,12,2018062
2018-08-07,16,28,29,30,36,8,10,2018063
2018-08-10,18,20,36,43,44,3,9,2018064
2018-08-14,1,15,18,25,31,9,11,2018065
2018-08-17,2,15,18,24,43,8,12,2018066
2018-08-21,16,23,42,43,49,10,12,2018067
2018-08-24,3,14,31,36,50,1,12,2018068
2018-08-28,4,16,32,42,46,8,12,2018069
2018-08-31,4,30,31,38,42,4,6,2018070
2018-09-04,5,14,28,30,47,4,11,2018071
2018-09-07,4,23,27,31,50,1,8,2018072
2018-09-11,9,18,32,38,46,2,3,2018073
2018-09-14,1,3,33,40,45,3,4,2018074
2018-09-18,3,8,10,32,45,4,12,2018075
2018-09-21,5,7,21,25,37,3,4,2018076
2018-09-25,6,15,20,30,38,4,7,2018077
2018-09-28,2,4,8,27,50,2,9,2018078
2018-10-02,7,17,29,37,45,3,11,2018079
2018-10-05,8,16,24,26,35,3,11,2018080
2018-10-09,3,12,36,44,45,8,11,2018081
2018-10-12,4,9,12,31,43,5,8,2018082
2018-10-16,15,28,37,40,42,1,6,2018083
2018-10-19,1,3,29,47,48,3,12,2018084
2018-10-23,1,2,5,21,32,2,12,2018085
2018-10-26,5,18,21,31,35,6,9,2018086
2018-10-30,17,23,27,43,44,1,12,2018087
2018-11-02,5,15,17,37,44,7,11,2018088
2018-11-06,14,24,36,40,43,2,9,2018089
2018-11-09,14,17,32,37,49,11,12,2018090
2018-11-13,2,7,10,13,42,3,6,2018091
2018-11-16,9,10,13,28,41,1,12,2018092
2018-11-20,6,19,39,45,48,7,12,2018093
2018-11-23,5,8,25,26,30,3,10,2018094
2018-11-27,4,16,17,18,32,2,11,2018095
2018-11-30,3,10,12,23,26,1,12,2018096
2018-12-04,19,20,21,42,45,8,9,2018097
2018-12-07,11,17,26,37,48,1,10,2018098
2018-12-11,4,7,13,23,42,1,3,2018099
2018-12-14,12,29,38,42,44,2,12,2018100
2018-12-18,1,9,18,39,48,5,7,2018101
2018-12-21,2,12,15,34,50,3,4,2018102
2018-12-25,4,5,8,31,43,2,9,2018103
2018-12-28,13,16,34,35,45,10,12,2018104
2019-01-01,1,8,11,25,28,4,6,2019001
2019-01-04,7,11,19,27,37,6,10,2019002
2019-01-08,3,19,22,31,32,2,11,2019003
2019-01-11,1,19,31,39,48,1,6,2019004
2019-01-15,22,25,29,33,35,3,6,2019005
2019-01-18,5,6,16,30,46,5,10,2019006
2019-01-22,9,23,29,41,49,8,10,2019007
2019-01-25,1,6,13,15,16,6,10,2019008
2019-01-29,14,24,26,32,39,3,8,2019009
2019-02-01,3,21,26,41,46,1,6,2019010
2019-02-05,14,25,31,37,43,2,3,2019011
2019-02-08,11,12,13,39,46,7,10,2019012
2019-02-12,6,34,36,41,50,1,5,2019013
2019-02-15,15,27,34,38,49,2,10,2019014
2019-02-19,1,8,18,19,39,7,9,2019015
2019-02-22,3,27,29,33,50,3,7,2019016
2019-02-26,3,15,29,35,47,3,4,2019017
2019-03-01,6,9,19,26,31,11,12,2019018
2019-03-05,6,10,16,39,46,8,11,2019019
2019-03-08,17,18,19,24,40,4,8,2019020
2019-03-12,5,7,13,19,31,2,9,2019021
2019-03-15,3,15,24,42,46,9,12,2019022
2019-03-19,1,6,9,34,47,7,12,2019023
2019-03-22,4,17,26,30,43,6,11,2019024
2019-03-26,12,19,23,43,47,2,6,2019025
2019-03-29,13,23,26,32,47,6,10,2019026
2019-04-02,2,9,16,26,36,6,7,2019027
2019-04-05,1,7,10,29,45,3,5,2019028
2019-04-09,18,21,29,38,41,1,11,2019029
2019-04-12,1,28,35,36,46,6,9,2019030
2019-04-16,1,8,15,44,49,2,11,2019031
2019-04-19,7,8,32,41,49,5,11,2019032
2019-04-23,18,23,27,42,44,2,7,2019033
2019-04-26,14,33,35,47,50,9,11,2019034
2019-04-30,5,12,20,26,48,2,11,2019035
2019-05-03,2,9,20,27,43,5,6,2019036
2019-05-07,7,20,26,32,47,2,11,2019037
2019-05-10,1,4,27,45,48,1,7,2019038
2019-05-14,10,14,17,25,50,2,10,2019039
2019-05-17,16,28,42,43,45,6,7,2019040
2019-05-21,32,33,34,39,47,8,12,2019041
2019-05-24,5,16,23,30,49,6,7,2019042
2019-05-28,7,19,20,28,29,1,5,2019043
2019-05-31,1,23,24,26,35,1,11,2019044
2019-06-04,9,31,32,39,41,2,8,2019045
2019-06-07,1,4,16,20,34,2,5,2019046
2019-06-11,25,27,39,42,46,11,12,2019047
2019-06-14,1,13,30,31,39,2,7,2019048
2019-06-18,12,24,37,40,44,3,7,2019049
2019-06-21,5,8,9,25,39,3,7,2019050
2019-06-25,6,26,27,34,46,1,9,2019051
2019-06-28,1,3,16,33,49,2,11,2019052
2019-07-02,11,19,29,44,45,8,12,2019053
2019-07-05,2,9,20,34,42,6,9,2019054
2019-07-09,7,29,32,36,41,6,7,2019055
2019-07-12,2,31,39,45,47,4,8,2019056
2019-07-16,3,5,13,18,39,7,8,2019057
2019-07-19,13,14,17,26,28,2,7,2019058
2019-07-23,1,14,19,23,38,3,7,2019059
2019-07-26,2,5,27,37,42,3,10,2019060
2019-07-30,15,20,23,27,40,3,6,2019061
2019-08-02,13,22,33,44,50,2,5,2019062
2019-08-06,12,13,29,36,38,4,12,2019063
2019-08-09,2,14,35,41,42,10,11,2019064
2019-08-13,13,29,31,33,40,2,3,2019065
2019-08-16,9,10,27,37,42,1,5,2019066
2019-08-20,20,22,23,24,37,1,4,2019067
2019-08-23,4,17,35,42,45,2,8,2019068
2019-08-27,8,26,35,43,47,1,9,2019069
2019-08-30,25,27,45,46,49,4,6,2019070
2019-09-03,7,11,38,39,44,7,10,2019071
2019-09-06,10,13,22,40,48,2,5,2019072
2019-09-10,3,22,25,30,49,3,6,2019073
2019-09-13,1,12,27,42,47,6,7,2019074
2019-09-17,22,37,43,44,45,1,12,2019075
2019-09-20,8,21,25,38,50,4,8,2019076
2019-09-24,2,33,42,47,48,1,2,2019077
2019-09-27,24,37,41,43,46,2,8,2019078
2019-10-01,2,11,18,40,46,1,4,2019079
2019-10-04,6,9,35,41,44,6,9,2019080
2019-10-08,7,10,15,44,49,3,12,2019081
2019-10-11,2,14,19,42,45,5,6,2019082
2019-10-15,3,28,31,32,34,4,5,2019083
2019-10-18,8,18,22,41,42,11,12,2019084
2019-10-22,2,5,32,33,47,7,8,2019085
2019-10-25,34,37,39,40,50,4,10,2019086
2019-10-29,16,18,28,42,49,5,10,2019087
2019-11-01,2,20,39,44,48,5,7,2019088
2019-11-05,9,14,25,33,48,2,12,2019089
2019-11-08,8,17,20,23,45,2,8,2019090
2019-11-12,1,21,23,25,39,2,4,2019091
2019-11-15,3,13,20,32,34,4,11,2019092
2019-11-19,8,10,15,30,42,4,6,2019093
2019-11-22,3,21,32,34,48,3,11,2019094
2019-11-26,2,3,15,19,34,5,8,2019095
2019-11-29,3,7,12,42,50,6,8,2019096
2019-12-03,18,31,32,38,48,4,12,2019097
2019-12-06,1,3,27,39,46,1,10,2019098
2019-12-10,2,10,19,21,47,2,8,2019099
2019-12-13,9,16,18,23,32,2,10,2019100
2019-12-17,1,7,12,25,49,6,9,2019101
2019-12-20,8,24,30,32,34,3,4,2019102
2019-12-24,3,11,13,14,47,3,6,2019103
2019-12-27,1,7,22,26,35,5,10,2019104
2019-12-31,26,31,33,41,48,2,4,2019105
2020-01-03,5,15,20,36,47,8,12,2020001
2020-01-07,5,8,12,37,43,6,11,2020002
2020-01-10,6,17,32,44,46,2,6,2020003
2020-01-14,21,25,29,39,44,8,9,2020004
2020-01-17,8,19,20,29,44,3,8,2020005
2020-01-21,10,11,24,36,46,3,5,2020006
2020-01-24,3,4,6,9,24,5,8,2020007
2020-01-28,1,19,27,31,38,4,5,2020008
2020-01-31,13,18,20,23,30,2,4,2020009
2020-02-04,21,23,33,35,47,6,7,20200010
2020-02-07,9,15,17,25,40,3,9,20200011
2020-02-11,24,26,32,43,46,6,10,20200012
2020-02-14,5,20,35,41,49,6,10,20200013
2020-02-18,11,32,34,38,47,2,10,20200014
2020-02-21,7,23,30,32,45,5,9,20200015
2020-02-25,1,4,18,27,42,4,6,20200016
2020-02-28,8,11,20,22,23,3,4,20200017
2020-03-03,4,14,27,44,45,1,10,20200018
2020-03-06,15,38,43,45,46,1,11,20200019
2020-03-10,11,23,30,37,43,5,12,20200020
2020-03-13,3,11,21,27,36,9,10,20200021
2020-03-17,5,7,8,16,20,2,12,20200022
2020-03-20,3,9,20,34,40,6,12,20200023
2020-03-24,7,12,26,30,33,10,11,20200024
2020-03-27,11,14,27,41,46,2,3,20200025
2020-03-31,12,17,24,30,36,1,9,20200026
2020-04-03,16,19,34,46,50,2,6,20200027
2020-04-07,4,5,14,33,48,7,12,20200028
2020-04-10,3,10,17,33,39,1,4,20200029
2020-04-14,6,29,34,35,40,4,11,20200030
2020-04-17,16,28,32,37,45,1,11,20200031
2020-04-21,10,11,14,23,28,6,8,20200032
2020-04-24,1,5,19,21,28,4,7,20200033
2020-04-28,15,23,26,28,32,1,5,20200034
2020-05-01,19,20,38,45,47,2,6,20200035
2020-05-05,2,10,22,27,41,2,3,20200036
2020-05-08,8,25,32,33,38,7,9,20200037
2020-05-12,9,16,29,37,39,4,11,20200038
2020-05-15,11,23,32,34,39,1,6,20200039
2020-05-19,5,25,32,37,43,6,7,20200040
2020-05-22,3,18,22,27,32,2,7,20200041
2020-05-26,4,9,14,21,27,4,6,20200042
2020-05-29,4,8,11,19,46,4,8,20200043
2020-06-02,10,12,22,26,49,7,11,20200044
2020-06-05,5,11,17,24,37,3,6,20200045
2020-06-09,5,15,27,36,46,2,8,20200046
2020-06-12,2,24,39,45,46,4,8,20200047
2020-06-16,4,9,11,17,39,2,10,20200048
2020-06-19,5,14,19,24,43,3,11,20200049
2020-06-23,2,12,19,46,49,1,8,20200050
2020-06-26,1,10,12,21,26,5,11,20200051
2020-06-30,1,6,11,28,42,2,10,20200052
2020-07-03,4,16,27,37,39,3,6,20200053
2020-07-07,12,16,23,33,41,8,10,20200054
2020-07-10,15,17,23,30,38,2,7,20200055
2020-07-14,11,22,30,37,47,9,10,20200056
2020-07-17,7,15,27,41,43,7,9,20200057
2020-07-21,14,15,24,29,42,2,4,20200058
2020-07-24,8,9,27,28,50,4,12,20200059
2020-07-28,9,13,15,17,34,2,7,20200060
2020-07-31,21,24,30,46,49,2,5,20200061
2020-08-04,1,2,5,15,42,5,8,20200062
2020-08-07,5,20,21,36,41,6,11,20200063
2020-08-11,8,13,14,42,50,3,9,20200064
2020-08-14,9,10,19,42,49,4,12,20200065
2020-08-18,6,12,17,34,42,5,12,20200066
2020-08-21,10,15,35,44,50,3,5,20200067
2020-08-25,7,18,30,37,39,8,10,20200068
2020-08-28,7,12,16,17,31,7,9,20200069
2020-09-01,4,8,10,33,46,8,11,20200070
2020-09-04,6,22,29,40,43,4,7,20200071
2020-09-08,2,9,31,35,41,9,12,20200072
2020-09-11,34,38,42,43,45,9,12,20200073
2020-09-15,16,20,25,30,38,6,8,20200074
2020-09-18,2,10,19,25,45,1,7,20200075
2020-09-22,16,25,28,39,40,1,6,20200076
2020-09-25,19,23,34,37,45,1,7,20200077
2020-09-29,4,14,16,41,44,11,12,20200078
2020-10-02,6,12,15,40,45,3,9,20200079
2020-10-06,4,21,36,41,47,9,11,20200080
2020-10-09,11,15,35,41,50,5,8,20200081
2020-10-13,5,14,38,41,46,1,10,20200082
2020-10-16,15,33,38,40,50,3,6,20200083
2020-10-20,5,6,15,37,42,3,4,20200084
2020-10-23,10,15,19,21,23,3,12,20200085
2020-10-27,13,15,28,32,44,3,12,20200086
2020-10-30,12,16,20,21,28,3,9,20200087
2020-11-03,5,7,18,20,30,6,7,20200088
2020-11-06,7,12,37,40,50,1,2,20200089
2020-11-10,3,19,29,32,38,5,12,20200090
2020-11-13,1,5,17,28,31,1,10,20200091
2020-11-17,16,19,25,30,44,2,6,20200092
2020-11-20,28,29,39,48,50,5,7,20200093
2020-11-24,25,33,38,42,50,8,12,20200094
2020-11-27,2,5,8,14,16,8,9,20200095
2020-12-01,14,20,29,47,49,4,12,20200096
2020-12-04,14,20,27,34,38,1,11,20200097
2020-12-08,1,4,21,24,46,2,12,20200098
2020-12-11,6,9,13,24,41,3,12,20200099
2020-12-15,9,13,21,29,35,1,2,20200100
2020-12-18,2,3,13,17,21,7,8,20200101
2020-12-22,2,10,16,42,50,4,11,20200102
2020-12-25,16,21,27,30,32,3,5,20200103
2020-12-29,7,32,39,40,45,3,8,20200104
2021-01-01,16,28,32,44,48,1,9,20211001
2021-01-05,12,34,37,38,42,1,3,20211002
2021-01-08,18,23,37,41,42,4,6,20211003
2021-01-12,2,10,18,34,35,6,9,20211004
2021-01-15,4,10,27,38,40,3,11,20211005
2021-01-19,25,27,31,35,43,5,6,20211006
2021-01-22,8,16,42,44,47,6,7,20211007
2021-01-26,5,7,25,37,40,2,8,20211008
2021-01-29,1,5,27,36,42,1,6,20211009
2021-02-02,18,20,35,38,48,9,12,20211010
2021-02-05,12,19,37,44,45,2,6,20211011
2021-02-09,5,10,24,31,37,9,10,20211012
2021-02-12,7,23,30,32,36,8,12,20211013
2021-02-16,5,9,25,29,30,6,7,20211014
2021-02-19,4,12,25,46,48,7,12,20211015
2021-02-23,9,18,30,39,45,1,3,20211016
2021-02-26,6,12,22,29,33,6,11,20211017
2021-03-02,2,19,24,26,49,6,7,20211018
2021-03-05,4,5,39,46,48,7,10,20211019
2021-03-09,1,16,21,32,33,11,12,20211020
2021-03-12,4,6,9,11,44,10,11,20211021
2021-03-16,23,25,32,35,47,2,6,20211022
2021-03-19,3,9,35,43,44,1,10,20211023
2021-03-23,2,26,29,36,49,3,9,20211024
2021-03-26,10,12,37,49,50,3,8,20211025
2021-03-30,24,27,28,29,42,4,8,20211026
2021-04-02,4,21,34,40,47,2,5,20211027
2021-04-06,2,21,37,38,50,7,8,20211028
2021-04-09,2,8,32,35,44,8,11,20211029
2021-04-13,16,20,31,47,50,2,8,20211030
2021-04-16,6,11,29,40,48,5,9,20211031
2021-04-20,5,17,28,41,46,10,11,20211032
2021-04-23,3,14,15,19,29,2,8,20211033
2021-04-27,13,14,24,35,49,1,10,20211034
2021-04-30,1,16,24,28,46,2,11,20211035
2021-05-04,3,10,13,28,46,4,11,20211036
2021-05-07,14,22,33,38,47,8,9,20211037
2021-05-11,14,25,34,43,46,5,6,20211038
2021-05-14,6,16,18,29,38,6,11,20211039
2021-05-18,5,13,38,39,40,4,12,20211040
2021-05-21,2,9,13,15,35,3,10,20211041
2021-05-25,1,21,26,30,38,2,8,20211042
2021-05-28,11,13,16,34,40,1,12,20211043
2021-06-01,3,10,26,35,44,6,7,20211044
2021-06-04,7,20,36,40,46,2,4,20211045
2021-06-08,2,11,26,36,47,7,9,20211046
2021-06-11,9,17,21,33,39,7,11,20211047
2021-06-15,11,21,26,30,31,2,3,20211048
2021-06-18,11,20,27,30,41,3,5,20211049
2021-06-22,6,24,26,27,41,3,8,20211050
2021-06-25,1,29,30,33,36,3,12,20211051
2021-06-29,6,12,20,24,48,5,6,20211052
2021-07-02,9,14,29,38,49,7,10,20211053
2021-07-06,2,5,21,27,42,9,11,20211054
2021-07-09,6,19,36,37,49,4,11,20211055
2021-07-13,5,6,8,11,22,3,4,20211056
2021-07-16,5,16,42,47,49,3,11,20211057
2021-07-20,3,12,19,41,48,6,9,20211058
2021-07-23,23,24,26,34,50,2,4,20211059
2021-07-27,5,9,19,21,25,10,12,20211060
2021-07-30,10,23,33,35,37,5,10,20211061
2021-08-03,17,21,23,45,46,7,11,20211062
2021-08-06,7,14,21,26,32,4,12,20211063
2021-08-10,9,37,47,48,49,2,7,20211064
2021-08-13,6,12,44,47,49,8,12,20211065
2021-08-17,12,31,41,42,47,4,6,20211066
2021-08-20,3,9,19,20,23,9,11,20211067
2021-08-24,19,21,36,44,50,3,10,20211068
2021-08-27,2,3,31,46,50,8,12,20211069
2021-08-31,5,13,17,32,43,2,10,20211070
2021-09-03,5,7,13,29,35,3,7,20211071
2021-09-07,7,19,35,42,43,7,9,20211072
2021-09-10,1,6,7,18,28,2,8,20211073
2021-09-14,12,18,35,38,45,2,8,20211074
2021-09-17,5,7,8,10,34,1,9,20211075
2021-09-21,20,25,26,30,38,2,8,20211076
2021-09-24,2,12,20,27,41,10,12,20211077
2021-09-28,6,7,12,33,39,1,7,20211078
2021-10-01,1,15,19,26,48,6,12,20211079
2021-10-05,11,13,14,36,45,7,9,20211080
2021-10-08,1,10,23,42,46,3,5,20211081
2021-10-12,6,13,22,45,49,10,11,20211082
2021-10-15,21,26,31,34,49,2,5,20211083
2021-10-19,4,20,36,40,41,1,6,20211084
2021-10-22,12,17,22,33,39,2,12,20211085
2021-10-26,12,15,20,42,44,1,2,20211086
2021-10-29,10,15,28,32,49,3,9,20211087
2021-11-02,2,3,17,29,43,1,4,20211088
2021-11-05,2,12,25,30,41,8,11,20211089
2021-11-09,17,25,26,33,36,1,8,20211090
2021-11-12,2,9,15,47,50,6,9,20211091
2021-11-16,9,19,21,32,36,3,4,20211092
2021-11-19,22,26,38,47,50,2,6,20211093
2021-11-23,17,21,36,42,46,7,10,20211094
2021-11-26,1,20,41,42,50,3,7,20211095
2021-11-30,19,20,26,33,43,1,4,20211096
2021-12-03,21,22,29,32,46,9,10,20211097
2021-12-07,22,31,38,46,47,7,11,20211098
2021-12-10,11,21,33,38,42,2,8,20211099
2021-12-14,19,21,37,47,48,3,6,20211100
2021-12-17,1,2,15,30,35,2,7,20211101
2021-12-21,12,17,21,34,38,2,3,20211102
2021-12-24,2,26,28,34,41,5,10,20211103
2021-12-28,4,6,15,17,29,9,12,20211104
2021-12-31,7,22,25,43,49,6,7,20211105
2022-01-04,18,28,35,36,41,6,11,20222001
2022-01-07,2,14,37,44,50,7,11,20222002
2022-01-11,4,23,32,33,44,9,12,20222003
2022-01-14,6,17,25,31,46,9,12,20222004
2022-01-18,3,12,19,24,30,2,5,20222005
2022-01-21,5,14,35,36,39,7,12,20222006
2022-01-25,6,16,18,39,47,2,4,20222007
2022-01-28,10,25,29,34,45,9,10,20222008
2022-02-01,1,19,36,38,49,6,9,20222009
2022-02-04,3,25,38,43,49,3,7,20222010
2022-02-08,6,20,34,37,43,7,10,20222011
2022-02-11,13,18,38,42,45,7,11,20222012
2022-02-15,9,20,31,33,44,2,12,20222013
2022-02-18,25,38,41,43,50,6,10,20222014
2022-02-22,5,9,14,26,32,3,7,20222015
2022-02-25,10,13,24,30,42,1,5,20222016
2022-03-01,8,24,26,39,42,3,5,20222017
2022-03-04,6,20,40,42,43,10,12,20222018
2022-03-08,12,18,21,25,31,2,9,20222019
2022-03-11,12,19,22,23,48,2,6,20222020
2022-03-15,1,2,12,19,26,2,8,20222021
2022-03-18,1,9,14,17,43,6,12,20222022
2022-03-22,7,17,21,29,40,8,11,20222023
2022-03-25,6,10,24,27,29,5,12,20222024
2022-03-29,8,11,33,42,43,6,11,20222025
2022-04-01,2,7,21,31,45,4,10,20222026
2022-04-05,1,11,13,24,49,5,6,20222027
2022-04-08,1,15,16,38,45,4,11,20222028
2022-04-12,21,30,31,35,47,2,10,20222029
2022-04-15,6,24,30,32,48,5,6,20222030
2022-04-19,2,12,17,28,46,6,10,20222031
2022-04-22,6,11,21,35,36,1,9,20222032
2022-04-26,4,25,28,34,45,8,11,20222033
2022-04-29,10,11,20,36,37,3,7,20222034
2022-05-03,8,20,26,47,48,3,8,20222035
2022-05-06,3,8,18,24,40,3,11,20222036
2022-05-10,3,25,27,28,29,4,9,20222037
2022-05-13,3,11,17,45,48,4,8,20222038
2022-05-17,5,28,30,48,49,5,11,20222039
2022-05-20,8,22,23,32,50,3,9,20222040
2022-05-24,10,13,27,36,37,2,10,20222041
2022-05-27,15,23,28,34,48,3,5,20222042
2022-05-31,3,10,13,42,49,3,9,20222043
2022-06-03,12,28,29,34,48,9,11,20222044
2022-06-07,6,16,17,25,31,2,6,20222045
2022-06-10,17,26,36,37,40,9,12,20222046
2022-06-14,2,7,27,34,40,3,11,20222047
2022-06-17,19,21,22,31,38,7,11,20222048
2022-06-21,6,23,36,39,47,8,10,20222049
2022-06-24,10,17,28,44,50,8,12,20222050
2022-06-28,10,35,42,47,48,2,11,20222051
2022-07-01,6,18,24,34,46,3,12,22052
2022-07-05,7,10,25,45,48,3,6,22053
2022-07-08,28,31,35,43,46,4,7,22054
2022-07-12,14,18,24,25,50,6,11,22055
2022-07-15,9,17,29,38,39,7,10,22056
2022-07-19,6,23,27,40,41,2,12,22057
2022-07-22,16,18,29,32,50,4,11,22058
2022-07-26,3,5,17,25,27,1,9,22059
2022-07-29,3,23,38,43,48,3,8,22060
2022-08-02,7,18,28,40,48,8,11,22061
2022-08-05,3,29,33,35,44,8,10,22062
2022-08-09,18,19,21,27,47,5,11,22063
2022-08-12,14,17,34,35,42,6,10,22064
2022-08-16,10,14,25,32,39,7,8,22065
2022-08-19,2,9,13,19,38,2,6,20222066
2022-08-23,19,26,31,39,48,2,3,22067
2022-08-26,22,23,25,38,44,11,12,22068
2022-08-30,4,6,10,15,19,1,4,22069
2022-09-02,7,12,13,20,45,3,12,22070
2022-09-06,7,10,22,29,44,4,5,22071
2022-09-09,17,23,24,26,27,4,9,22072
2022-09-13,9,12,15,40,47,1,11,22073
2022-09-16,10,27,36,45,49,3,4,22074
2022-09-20,11,21,23,32,48,3,12,22075
2022-09-23,14,15,22,35,48,3,8,22076
2022-09-27,4,20,21,34,44,1,3,22077
2022-09-30,1,2,11,16,26,3,12,22078
2022-10-04,3,18,28,42,43,3,12,22079
2022-10-07,26,27,42,45,50,1,12,22080
2022-10-11,8,23,32,35,40,1,8,22081
2022-10-14,24,28,29,34,48,3,7,22082
2022-10-18,3,5,13,42,48,1,6,22083
2022-10-21,25,26,28,38,40,1,6,22084
2022-10-25,7,24,34,39,46,1,6,22085
2022-10-28,14,16,21,28,35,1,11,22086
2022-11-01,19,37,42,47,48,1,6,22087
2022-11-04,2,11,37,45,47,2,3,22088
2022-11-08,3,5,32,33,50,1,8,22089
2022-11-11,2,19,24,25,44,2,10,22090
2022-11-15,13,21,24,31,33,1,12,22091
2022-11-18,13,16,19,35,41,1,11,22092
2022-11-22,21,22,24,29,42,3,11,22093
2022-11-25,19,21,35,37,39,2,6,22094
2022-11-29,15,20,24,35,38,8,12,22095
2022-12-02,12,21,35,39,45,6,11,22096
2022-12-06,12,20,25,26,27,8,12,22097
2022-12-09,8,27,31,46,50,1,3,22098
2022-12-13,3,9,12,26,30,10,11,22099
2022-12-16,2,15,19,35,44,2,7,22100
2022-12-20,1,11,17,20,27,4,5,22101
2022-12-23,16,17,23,26,35,5,11,22102
2022-12-27,19,31,33,34,43,3,5,22103
2022-12-30,17,34,42,47,48,1,9,22104
2023-01-03,20,21,29,45,46,3,10,23001
2023-01-06,16,31,35,44,45,4,12,23002
2023-01-10,11,13,34,40,42,3,10,23003
2023-01-13,4,13,25,33,37,5,10,23004
2023-01-17,18,21,30,46,50,2,6,23005
2023-01-20,3,6,13,40,42,7,11,23006
2023-01-24,11,27,41,43,47,7,11,23007
2023-01-27,8,9,15,19,31,10,12,23008
2023-01-31,7,12,19,33,43,3,7,23009
2023-02-03,2,14,17,32,45,3,10,23010
2023-02-07,2,8,34,44,47,3,9,23011
2023-02-10,3,13,25,36,47,3,8,23012
2023-02-14,24,26,38,43,46,2,3,23013
2023-02-17,8,23,27,42,45,1,9,23014
2023-02-21,21,22,34,41,49,2,7,23015
2023-02-24,7,23,34,42,48,1,3,23016
2023-02-28,12,29,33,37,47,5,10,23017
2023-03-03,3,6,8,24,50,10,11,23018
2023-03-07,11,13,24,35,50,6,11,23019
2023-03-10,9,16,37,38,48,2,7,23020
2023-03-14,16,26,28,31,46,11,12,23021
2023-03-17,5,15,26,37,49,8,11,23022
2023-03-21,1,9,20,29,32,2,3,23023
2023-03-24,5,12,25,36,46,6,10,23024
2023-03-28,16,21,34,36,44,9,10,23025
2023-03-31,16,18,28,34,47,5,10,23026
2023-04-04,10,16,31,33,50,3,8,23027
2023-04-07,5,26,28,36,46,6,12,23028
2023-04-11,10,14,16,19,29,2,10,23029
2023-04-14,4,11,37,44,49,6,7,23030
2023-04-18,17,21,23,35,37,10,11,23031
2023-04-21,7,8,18,33,42,2,8,23032
2023-04-25,10,29,30,40,45,1,12,23033
2023-04-28,11,13,16,23,34,1,10,23034
2023-05-02,7,32,44,47,48,7,8,23035
2023-05-05,3,8,18,34,49,3,7,23036
2023-05-09,13,17,21,28,46,7,9,23037
2023-05-12,9,10,13,39,44,4,6,23038
2023-05-16,4,6,9,14,37,4,11,23039
2023-05-19,18,27,34,41,49,3,9,23040
2023-05-23,5,6,14,23,34,2,11,23041
2023-05-26,15,25,37,38,41,1,7,23042
2023-05-30,27,29,32,33,47,2,8,23043
2023-06-02,3,12,15,25,43,10,11,23044
2023-06-06,13,21,32,39,50,2,10,23045
2023-06-09,18,26,36,41,50,11,12,23046
2023-06-13,15,16,21,41,50,5,6,23047
2023-06-16,7,26,34,41,44,9,11,23048
2023-06-20,11,17,28,32,35,5,6,23049
2023-06-23,1,3,11,33,46,10,11,23050
2023-06-27,17,22,23,27,44,1,7,23051
2023-06-30,1,6,25,29,36,7,10,23052
2023-07-04,14,17,23,36,44,2,8,23053
2023-07-07,2,11,12,19,38,4,8,23054
2023-07-11,2,11,28,42,48,4,9,23055
2023-07-14,5,8,29,35,48,5,6,23056
2023-07-18,4,12,34,35,45,1,9,23057
2023-07-21,7,31,33,35,36,7,10,23058
2023-07-25,5,7,11,27,37,6,12,23059
2023-07-28,7,32,33,34,38,6,9,23060
2023-08-01,25,27,35,40,45,7,11,23061
2023-08-04,15,20,31,44,48,1,3,23062
2023-08-08,8,9,33,35,40,3,6,23063
2023-08-11,4,6,10,13,34,3,5,23064
2023-08-15,3,5,9,32,43,6,10,23065
2023-08-18,23,25,30,44,47,9,12,23066
2023-08-22,2,9,23,32,40,6,7,23067
2023-08-25,16,17,34,35,44,5,10,23068
2023-08-29,21,23,32,40,49,8,11,23069
2023-09-01,4,5,35,37,43,5,6,23070
2023-09-05,1,7,24,41,48,10,12,23071
2023-09-08,10,20,21,26,33,3,4,23072
2023-09-12,5,14,36,40,42,2,11,23073
2023-09-15,12,14,21,45,48,8,11,23074
2023-09-19,10,15,31,41,42,2,5,23075
2023-09-22,3,23,24,34,35,5,8,23076
2023-09-26,2,6,14,19,23,5,7,23077
2023-09-29,9,11,13,21,32,2,7,23078
2023-10-03,6,20,22,24,45,4,5,23079
2023-10-06,21,29,31,34,43,2,9,23080
2023-10-10,18,20,22,33,43,3,9,23081
2023-10-13,21,26,28,40,41,2,4,23082
2023-10-17,10,17,20,35,40,3,4,23083
2023-10-20,2,20,28,40,45,1,5,23084
2023-10-24,8,16,18,31,34,6,9,23085
2023-10-27,29,33,35,48,49,3,8,23086
2023-10-31,5,7,20,40,50,2,10,23087
2023-11-03,8,21,31,39,47,5,9,23088
2023-11-07,8,10,11,30,39,4,10,23089
2023-11-10,10,21,30,38,42,2,12,23090
2023-11-14,13,16,36,44,50,3,5,23091
2023-11-17,2,24,26,46,50,2,7,23092
2023-11-21,19,29,34,46,47,2,3,23093
2023-11-24,15,20,29,39,48,1,7,23094
2023-11-28,12,16,27,33,44,7,8,23095
2023-12-01,4,10,14,38,50,9,12,23096
2023-12-05,4,6,20,24,25,5,9,23097
2023-12-08,17,30,42,48,50,4,8,23098
2023-12-12,6,28,37,39,43,9,12,23099
2023-12-15,2,13,37,38,48,5,9,23100
2023-12-19,10,20,41,43,45,2,12,23101
2023-12-22,6,14,34,44,49,4,12,23102
2023-12-26,8,27,30,35,47,9,10,23103
2023-12-29,2,3,19,36,37,6,9,23104
2024-01-02,7,15,18,46,49,10,12,24001
2024-01-05,4,7,18,39,50,3,8,24002
2024-01-09,2,9,12,39,40,1,3,24003
2024-01-12,16,17,18,45,49,9,12,24004
2024-01-16,10,18,21,33,45,8,12,24005
2024-01-19,27,28,44,48,50,7,12,24006
2024-01-23,14,23,39,48,50,3,12,24007
2024-01-26,8,19,32,41,42,9,12,24008
2024-01-30,5,10,19,27,30,5,6,24009
2024-02-02,13,20,23,27,42,5,9,24010
2024-02-06,2,7,21,28,45,5,11,24011
2024-02-09,23,24,35,37,45,9,12,24012
2024-02-13,13,17,18,20,46,4,9,24013
2024-02-16,8,13,14,24,26,1,2,24014
2024-02-20,23,31,37,42,48,3,7,24015
2024-02-23,24,27,28,30,49,1,12,24016
2024-02-27,3,4,9,12,20,5,6,24017
2024-03-01,4,7,19,20,34,2,4,24018
2024-03-05,2,15,17,23,36,3,8,24019
2024-03-08,8,11,12,16,44,4,7,24020
2024-03-12,13,19,30,38,46,4,12,24021
2024-03-15,1,4,31,34,40,4,5,24022
2024-03-19,7,16,18,20,32,1,3,24023
2024-03-22,8,11,23,32,44,9,10,24024
2024-03-26,2,13,14,26,29,5,6,24025
2024-03-29,16,17,35,36,49,1,10,24026
2024-04-02,1,23,31,36,48,5,8,24027
2024-04-05,13,18,26,35,37,8,11,24028
2024-04-09,19,23,26,27,46,2,10,24029
2024-04-12,2,3,12,16,45,2,11,24030
2024-04-16,22,29,31,39,46,3,7,24031
2024-04-19,10,20,40,44,46,1,3,24032
2024-04-23,6,9,11,32,49,2,10,24033
2024-04-26,2,20,39,40,47,4,8,24034
2024-04-30,13,22,24,33,47,1,5,24035
2024-05-03,6,9,10,30,49,3,4,24036
2024-05-07,35,36,41,42,45,6,11,24037
2024-05-10,13,28,29,44,48,4,12,24038
2024-05-14,2,8,17,28,35,7,9,24039
2024-05-17,18,31,32,41,46,1,10,24040
2024-05-21,11,13,14,34,48,7,9,24041
2024-05-24,9,12,18,22,50,1,3,24042
2024-05-28,16,18,35,36,41,6,7,24043
2024-05-31,4,7,16,33,34,7,8,24044
2024-06-04,6,7,9,14,43,3,4,24045
2024-06-07,15,16,26,30,37,5,8,24046
2024-06-11,7,15,34,45,48,7,9,24047
2024-06-14,2,13,16,24,32,1,7,24048
2024-06-18,3,11,33,34,36,1,12,24049
2024-06-21,3,4,7,11,17,3,12,24050
2024-06-25,14,16,37,45,49,5,7,24051
2024-06-28,10,16,18,22,35,1,10,24052
2024-07-02,2,7,34,35,46,6,8,24053
2024-07-05,11,13,29,31,47,1,11,24054
2024-07-09,6,15,19,28,39,7,11,24055
2024-07-12,12,18,24,25,39,8,10,24056
2024-07-16,2,32,35,36,39,7,8,24057
2024-07-19,15,22,35,44,48,6,7,24058
2024-07-23,4,8,10,16,34,4,8,24059
2024-07-26,4,19,23,35,37,4,8,24060
2024-07-30,9,25,28,37,38,2,8,24061
2024-08-02,5,7,12,33,46,3,12,24062
2024-08-06,1,18,27,41,50,2,12,24063
2024-08-09,21,23,25,33,44,4,10,24064
2024-08-13,15,16,39,40,47,1,6,24065
2024-08-16,15,17,29,45,49,1,10,24066
2024-08-20,7,10,13,18,26,3,12,24067
2024-08-23,9,15,24,47,50,8,9,24068
2024-08-27,1,8,11,42,47,4,11,24069
2024-08-30,3,24,27,33,42,4,6,24070
2024-09-03,7,9,11,16,45,2,5,24071
2024-09-06,12,14,34,41,47,3,4,24072
2024-09-10,6,29,46,47,48,2,9,24073
2024-09-13,10,15,17,31,42,4,12,24074
2024-09-17,20,30,32,41,44,1,10,24075
2024-09-20,16,25,29,34,37,3,7,24076
2024-09-24,18,20,21,36,49,3,5,24077
2024-09-27,7,20,21,27,38,5,12,24078
2024-10-01,8,22,29,41,42,9,11,24079
2024-10-04,4,8,16,17,20,1,6,24080
2024-10-08,7,14,19,34,40,6,8,24081
2024-10-11,16,23,32,46,49,4,5,24082
2024-10-15,2,15,32,36,48,3,9,24083
2024-10-18,4,15,23,30,39,1,12,24084
2024-10-22,3,13,27,30,46,1,2,24085
2024-10-25,4,17,20,25,45,8,9,24086
2024-10-29,1,2,19,30,45,10,12,24087
2024-11-01,7,33,38,44,50,2,7,24088
2024-11-05,1,8,19,37,50,6,9,24089
2024-11-08,2,33,35,42,48,1,3,24090
2024-11-12,10,11,12,22,50,1,10,24091
2024-11-15,7,8,34,39,44,2,6,24092
2024-11-19,4,13,20,28,49,7,12,24093
2024-11-22,10,11,12,29,31,8,11,24094
2024-11-26,7,11,25,31,40,9,12,24095
2024-11-29,8,17,18,29,43,5,9,24096
2024-12-03,23,25,34,46,47,6,8,24097
2024-12-06,14,25,39,44,47,6,10,24098
2024-12-10,5,24,25,29,47,5,9,24099
2024-12-13,1,15,25,42,50,4,10,24100
2024-12-17,1,3,4,21,29,2,7,24101
2024-12-20,10,14,21,33,50,6,9,24102
2024-12-24,6,10,16,23,24,11,12,24103
2024-12-27,12,22,27,33,45,4,8,24104
2024-12-31,19,24,26,28,33,8,12,24105
2025-01-03,3,19,29,35,37,1,9,25001
2025-01-07,20,33,35,41,47,4,12,25002
2025-01-10,12,27,36,37,42,6,7,25003
2025-01-14,18,20,29,41,48,5,9,25004
2025-01-17,8,15,24,35,42,6,8,25005
2025-01-21,6,8,14,27,41,4,5,25006
2025-01-24,2,11,19,30,49,3,8,25007
2025-01-28,9,37,41,42,49,1,9,25008
2025-01-31,22,30,41,44,49,2,7,25009
2025-02-04,3,4,29,39,43,5,10,25010
2025-02-07,10,23,24,29,45,8,10,25011
2025-02-11,3,21,36,41,46,1,6,25012
2025-02-14,4,14,31,36,38,3,10,25013
2025-02-18,5,14,25,26,40,5,7,25014
2025-02-21,1,3,11,20,43,2,11,25015
2025-02-25,17,22,23,24,44,6,11,25016
2025-02-28,7,16,31,43,46,5,9,25017
2025-03-04,15,20,29,35,42,2,9,25018
2025-03-07,6,10,27,32,48,3,8,25019
2025-03-11,13,36,37,42,47,7,11,25020
2025-03-14,8,10,33,35,49,2,9,25021
2025-03-18,4,9,35,46,50,8,11,25022
2025-03-21,9,17,18,21,50,5,12,25023
2025-03-25,1,3,18,33,36,2,6,25024
2025-03-28,10,21,30,42,45,1,9,25025
2025-04-01,9,24,30,46,49,4,12,25026
2025-04-04,27,39,41,45,50,5,7,25027
2025-04-08,3,14,15,48,49,1,7,25028
2025-04-11,14,28,34,46,49,3,8,25029
2025-04-15,3,31,33,38,44,6,12,25030
2025-04-18,20,27,35,39,48,3,8,25031
2025-04-22,7,28,33,37,47,9,12,25032
2025-04-25,13,22,32,39,41,1,12,25033
2025-04-29,2,9,24,30,41,1,11,25034
2025-05-02,3,5,19,21,49,1,10,25035
2025-05-06,8,23,24,47,48,4,9,25036
2025-05-09,15,18,25,29,47,5,9,25037
2025-05-13,9,19,44,47,50,2,9,25038
2025-05-16,6,9,25,37,46,6,12,25039
2025-05-20,1,8,13,29,47,5,6,25040
2025-05-23,10,29,43,46,49,7,12,25041
2025-05-27,12,30,38,40,41,4,12,25042
2025-05-30,4,7,14,33,36,1,5,25043
2025-06-03,12,15,38,47,48,5,7,25044
2025-06-06,20,21,29,30,35,2,12,25045
2025-06-10,19,36,39,40,45,5,6,25046
2025-06-13,2,28,40,43,45,3,7,25047
2025-06-17,13,22,23,44,49,3,5,25048
2025-06-20,5,8,24,37,47,3,9,25049
2025-06-24,7,16,21,23,39,7,11,25050
2025-06-27,19,27,36,45,49,7,10,25051
2025-07-01,1,17,28,32,34,7,8,25052
2025-07-04,19,29,42,45,48,5,7,25053
2025-07-08,1,8,9,18,50,1,5,25054
2025-07-11,8,23,24,45,49,2,10,25055
2025-07-15,24,38,41,45,49,1,6,25056
2025-07-18,13,19,25,42,45,2,9,25057
2025-07-22,8,15,26,33,41,9,10,25058
2025-07-25,6,7,23,32,36,11,12,25059
2025-07-29,5,6,42,44,46,4,8,25060
2025-08-01,4,16,25,29,30,2,10,25061
2025-08-05,1,3,5,42,47,5,10,25062
2025-08-08,2,12,19,34,44,6,10,25063
2025-08-12,18,28,42,46,48,3,9,25064
2025-08-15,13,30,35,36,40,2,6,25065
2025-08-19,24,31,34,41,43,6,8,25066
2025-08-22,6,9,12,30,39,4,10,25067
2025-08-26,2,14,38,42,45,10,11,25068
2025-08-29,6,9,10,13,37,1,7,25069
2025-09-02,13,30,31,32,36,1,12,25070
2025-09-05,27,30,31,41,43,5,8,25071
2025-09-09,3,13,24,39,40,2,8,25072
2025-09-12,5,10,23,31,37,3,11,25073
2025-09-16,1,9,13,35,40,5,6,25074
2025-09-19,8,10,26,32,42,9,12,25075
2025-09-23,11,13,24,29,33,2,5,25076
2025-09-26,4,17,25,28,44,5,11,25077
2025-09-30,3,8,15,17,48,2,8,25078
2025-10-03,6,12,18,25,41,2,6,25079
2025-10-07,24,39,42,43,48,5,8,25080
2025-10-10,6,7,17,20,21,1,10,25081
2025-10-14,5,8,14,16,18,3,10,25082
2025-10-17,13,35,39,44,47,3,5,25083
2025-10-21,5,24,29,40,42,6,12,25084
2025-10-24,7,8,25,31,45,7,12,25085
2025-10-28,7,8,24,35,49,2,12,25086
2025-10-31,5,14,38,43,45,7,11,25087
2025-11-04,6,9,25,28,45,1,4,25088
2025-11-07,11,21,39,40,43,2,8,25089
2025-11-11,4,22,32,36,47,2,10,25090
2025-11-14,9,26,27,45,48,8,9,25091
2025-11-18,2,4,15,21,48,6,12,25092
2025-11-21,17,19,29,35,48,5,9,25093
2025-11-25,6,11,17,35,44,3,7,25094
2025-11-28,5,29,33,39,42,3,9,25095
2025-12-02,4,13,14,20,41,6,12,25096
2025-12-05,9,15,25,34,46,8,12,25097
2025-12-09,2,8,13,29,49,2,11,25098
2025-12-12,7,25,30,37,41,5,11,25099
2025-12-16,14,16,40,41,44,2,10,25100
2025-12-19,17,21,39,43,44,1,11,25101
2025-12-23,8,26,27,29,44,11,12,25102
2025-12-26,12,22,32,36,48,3,4,25103
2025-12-30,11,26,29,34,44,1,10,25104
2026-01-02,8,27,42,44,46,1,10,26001
2026-01-06,5,14,17,18,31,10,12,26002
2026-01-09,1,7,10,26,34,2,4,26003
2026-01-13,6,10,18,44,47,2,10,26004
2026-01-16,5,17,24,29,50,5,10,26005
2026-01-20,11,18,19,22,50,1,11,26006
2026-01-23,4,5,13,21,42,3,10,26007
2026-01-27,4,23,42,43,47,3,9,26008
2026-01-30,14,18,31,35,46,7,11,26009
2026-02-03,26,27,28,34,37,4,9,26010
2026-02-06,10,13,20,23,24,6,11,26011
2026-02-10,1,17,19,34,42,5,8,26012
2026-02-13,9,13,31,37,40,6,9,26013
2026-02-17,1,4,6,10,41,5,12,26014
2026-02-20,13,24,28,33,35,5,9,26015
2026-02-24,10,27,40,43,47,6,10,26016
2026-02-27,14,24,27,39,42,6,10,26017
2026-03-03,6,7,24,34,50,5,7,26018
2026-03-06,15,16,19,28,37,6,9,26019
2026-03-10,12,14,27,44,50,4,12,26020
2026-03-13,13,17,26,41,48,4,10,26021
2026-03-17,5,17,28,33,41,3,9,26022
2026-03-20,5,12,16,37,46,8,10,26023
2026-03-24,12,16,17,18,27,1,3,26024
2026-03-27,4,10,43,44,48,2,4,26025
2026-03-31,5,8,10,33,38,2,7,26026
2026-04-03,8,27,29,46,49,2,10,26027
2026-04-07,11,14,19,36,49,6,7,26028
2026-04-10,10,13,14,38,41,6,9,26029
2026-04-14,1,2,4,28,44,5,12,26030
2026-04-17,22,23,28,41,47,6,8,26031
2026-04-21,13,16,29,40,47,3,4,26032
2026-04-24,25,26,30,40,45,1,5,26033
2026-04-28,26,29,41,46,47,8,9,26034
2026-05-01,3,9,42,46,47,1,11,26035
2026-05-05,3,4,8,20,31,6,8,26036
2026-05-08,2,17,19,34,37,8,11,26037
2026-05-12,4,26,32,35,36,5,7,26038
2026-05-15,3,10,38,41,43,2,9,26039
2026-05-19,2,12,20,38,45,2,5,26040
2026-05-22,6,22,26,31,37,5,8,26041
2026-05-26,6,23,25,35,37,6,12,26042
2026-05-29,5,14,18,31,35,2,12,26043
2026-06-02,6,9,17,18,42,7,9,26044
2026-06-05,5,6,16,17,49,2,12,26045
2026-06-09,2,7,23,44,46,3,5,26046
2026-06-12,4,7,14,22,23,1,7,26047
2026-06-16,18,25,31,37,45,4,9,26048
2026-06-19,8,34,39,41,42,2,7,26049
2026-06-23,3,33,36,45,46,5,6,26050
2026-06-26,6,16,26,34,35,11,12,26051
2026-06-30,1,8,37,44,48,2,6,26052
2026-07-03,2,12,17,25,39,1,2,26053
2026-07-07,5,29,33,45,47,5,8,26054
2026-07-10,2,14,28,33,48,8,10,26055
2026-07-14,10,19,37,42,47,9,12,26056
2026-07-17,12,21,23,34,40,9,10,26057
2026-07-21,2,3,8,28,39,2,11,26058
2026-07-24,8,10,30,36,47,1,4,26059
2026-07-28,5,7,24,30,49,10,11,26060
2026-07-31,10,24,25,31,45,4,5,26061
2026-08-04,25,30,34,46,50,1,12,26062
2026-08-07,26,29,35,38,47,1,2,26063
2026-08-11,3,11,17,46,48,1,2,26064
